{
 "phishing": {
  "account": 0.11827956989247312,
  "information": 0.053763440860215055,
  "click": 0.043010752688172046,
  "verify": 0.043010752688172046,
  "confirm": 0.03225806451612903,
  "update": 0.03225806451612903,
  "please": 0.03225806451612903,
  "log": 0.03225806451612903,
  "prize": 0.021505376344086023,
  "immediate": 0.021505376344086023,
  "personal": 0.021505376344086023,
  "suspicious": 0.021505376344086023,
  "login": 0.021505376344086023,
  "urgent": 0.021505376344086023,
  "action": 0.021505376344086023,
  "required": 0.021505376344086023,
  "selected": 0.010752688172043012,
  "exclusive": 0.010752688172043012,
  "offer": 0.010752688172043012,
  "act": 0.010752688172043012,
  "congratulations": 0.010752688172043012,
  "claim": 0.010752688172043012,
  "needs": 0.010752688172043012,
  "attention": 0.010752688172043012,
  "resolve": 0.010752688172043012,
  "prevent": 0.010752688172043012,
  "lockout": 0.010752688172043012,
  "email": 0.010752688172043012,
  "risk": 0.010752688172043012,
  "access": 0.010752688172043012,
  "clicking": 0.010752688172043012,
  "link": 0.010752688172043012,
  "review": 0.010752688172043012,
  "attempt": 0.010752688172043012,
  "identity": 0.010752688172043012,
  "important": 0.010752688172043012,
  "security": 0.010752688172043012,
  "session": 0.010752688172043012,
  "expired": 0.010752688172043012,
  "message": 0.010752688172043012,
  "bank": 0.010752688172043012,
  "status": 0.010752688172043012,
  "jeopardy": 0.010752688172043012,
  "suspended": 0.010752688172043012,
  "details": 0.010752688172043012,
  "immediately": 0.010752688172043012,
  "activity": 0.010752688172043012,
  "detected": 0.010752688172043012,
  "verification": 0.010752688172043012,
  "proceed": 0.010752688172043012,
  "compromise": 0.010752688172043012,
  "alert": 0.010752688172043012,
  "secure": 0.010752688172043012,
  "data": 0.010752688172043012,
  "unlock": 0.010752688172043012,
  "confirming": 0.010752688172043012,
  "credentials": 0.010752688172043012
 },
 "Spear Phishing": {
  "please": 0.09615384615384616,
  "reply": 0.038461538461538464,
  "financial": 0.028846153846153848,
  "sensitive": 0.028846153846153848,
  "update": 0.028846153846153848,
  "confirm": 0.028846153846153848,
  "document": 0.019230769230769232,
  "review": 0.019230769230769232,
  "urgent": 0.019230769230769232,
  "need": 0.019230769230769232,
  "matter": 0.019230769230769232,
  "details": 0.019230769230769232,
  "confidential": 0.019230769230769232,
  "project": 0.019230769230769232,
  "employee": 0.019230769230769232,
  "respond": 0.019230769230769232,
  "request": 0.019230769230769232,
  "wire": 0.019230769230769232,
  "meeting": 0.019230769230769232,
  "upcoming": 0.019230769230769232,
  "message": 0.019230769230769232,
  "acknowledge": 0.019230769230769232,
  "receipt": 0.019230769230769232,
  "needed": 0.019230769230769232,
  "important": 0.009615384615384616,
  "hr": 0.009615384615384616,
  "sign": 0.009615384615384616,
  "assistance": 0.009615384615384616,
  "verify": 0.009615384615384616,
  "company": 0.009615384615384616,
  "action": 0.009615384615384616,
  "required": 0.009615384615384616,
  "benefits": 0.009615384615384616,
  "promptly": 0.009615384615384616,
  "proposal": 0.009615384615384616,
  "eyes": 0.009615384615384616,
  "transfer": 0.009615384615384616,
  "immediately": 0.009615384615384616,
  "agenda": 0.009615384615384616,
  "board": 0.009615384615384616,
  "discussion": 0.009615384615384616,
  "executive": 0.009615384615384616,
  "decision": 0.009615384615384616,
  "client": 0.009615384615384616,
  "information": 0.009615384615384616,
  "help": 0.009615384615384616,
  "funds": 0.009615384615384616,
  "today": 0.009615384615384616,
  "payroll": 0.009615384615384616,
  "email": 0.009615384615384616,
  "follow": 0.009615384615384616,
  "kindly": 0.009615384615384616,
  "confirmation": 0.009615384615384616,
  "critical": 0.009615384615384616,
  "figures": 0.009615384615384616,
  "requires": 0.009615384615384616,
  "immediate": 0.009615384615384616,
  "attention": 0.009615384615384616,
  "legal": 0.009615384615384616,
  "compliance": 0.009615384615384616,
  "audit": 0.009615384615384616,
  "response": 0.009615384615384616,
  "merger": 0.009615384615384616,
  "business": 0.009615384615384616,
  "opportunity": 0.009615384615384616,
  "contact": 0.009615384615384616
 },
 "Malware Distribution": {
  "attached": 0.08571428571428572,
  "open": 0.06666666666666667,
  "please": 0.047619047619047616,
  "document": 0.0380952380952381,
  "file": 0.0380952380952381,
  "access": 0.02857142857142857,
  "opening": 0.02857142857142857,
  "attachment": 0.02857142857142857,
  "review": 0.02857142857142857,
  "download": 0.02857142857142857,
  "important": 0.02857142857142857,
  "message": 0.01904761904761905,
  "read": 0.01904761904761905,
  "details": 0.01904761904761905,
  "e": 0.01904761904761905,
  "click": 0.01904761904761905,
  "payment": 0.009523809523809525,
  "receipt": 0.009523809523809525,
  "confirm": 0.009523809523809525,
  "prize": 0.009523809523809525,
  "account": 0.009523809523809525,
  "statement": 0.009523809523809525,
  "resume": 0.009523809523809525,
  "job": 0.009523809523809525,
  "application": 0.009523809523809525,
  "urgent": 0.009523809523809525,
  "ceo": 0.009523809523809525,
  "track": 0.009523809523809525,
  "package": 0.009523809523809525,
  "secure": 0.009523809523809525,
  "gift": 0.009523809523809525,
  "voucher": 0.009523809523809525,
  "contract": 0.009523809523809525,
  "requested": 0.009523809523809525,
  "soon": 0.009523809523809525,
  "possible": 0.009523809523809525,
  "card": 0.009523809523809525,
  "friend": 0.009523809523809525,
  "see": 0.009523809523809525,
  "records": 0.009523809523809525,
  "software": 0.009523809523809525,
  "update": 0.009523809523809525,
  "ready": 0.009523809523809525,
  "install": 0.009523809523809525,
  "information": 0.009523809523809525,
  "scan": 0.009523809523809525,
  "results": 0.009523809523809525,
  "respond": 0.009523809523809525,
  "invoice": 0.009523809523809525,
  "process": 0.009523809523809525,
  "notice": 0.009523809523809525,
  "check": 0.009523809523809525,
  "pdf": 0.009523809523809525,
  "latest": 0.009523809523809525,
  "company": 0.009523809523809525,
  "report": 0.009523809523809525,
  "ticket": 0.009523809523809525,
  "photo": 0.009523809523809525,
  "album": 0.009523809523809525,
  "recent": 0.009523809523809525,
  "event": 0.009523809523809525,
  "flight": 0.009523809523809525,
  "view": 0.009523809523809525,
  "itinerary": 0.009523809523809525
 },
 "Ransomware Attacks": {
  "pay": 0.10112359550561797,
  "payment": 0.07865168539325842,
  "data": 0.07865168539325842,
  "files": 0.06741573033707865,
  "ransom": 0.06741573033707865,
  "send": 0.0449438202247191,
  "access": 0.0449438202247191,
  "make": 0.033707865168539325,
  "encrypted": 0.033707865168539325,
  "regain": 0.033707865168539325,
  "control": 0.033707865168539325,
  "compromised": 0.033707865168539325,
  "decryption": 0.02247191011235955,
  "urgent": 0.02247191011235955,
  "documents": 0.02247191011235955,
  "recover": 0.02247191011235955,
  "decrypt": 0.02247191011235955,
  "bitcoin": 0.02247191011235955,
  "instructions": 0.02247191011235955,
  "system": 0.02247191011235955,
  "breach": 0.02247191011235955,
  "inaccessible": 0.011235955056179775,
  "restricted": 0.011235955056179775,
  "hijacked": 0.011235955056179775,
  "release": 0.011235955056179775,
  "unlock": 0.011235955056179775,
  "important": 0.011235955056179775,
  "time": 0.011235955056179775,
  "running": 0.011235955056179775,
  "lose": 0.011235955056179775,
  "locked": 0.011235955056179775,
  "ransomware": 0.011235955056179775,
  "infection": 0.011235955056179775,
  "follow": 0.011235955056179775
 },
 "Business Email Compromise": {
  "please": 0.10619469026548672,
  "payment": 0.07964601769911504,
  "confirm": 0.05309734513274336,
  "request": 0.05309734513274336,
  "urgent": 0.035398230088495575,
  "wire": 0.035398230088495575,